3.60000000000000000000e+02,1.29900000000000013286e-04,3.91699999999999993604e-06,6.06100000000000041500e-04
3.61000000000000000000e+02,1.45847000000000001380e-04,4.39358100000000027790e-06,6.80879199999999970908e-04
3.62000000000000000000e+02,1.63802100000000008416e-04,4.92960400000000031255e-06,7.65145600000000048954e-04
3.63000000000000000000e+02,1.84003699999999987928e-04,5.53213600000000008599e-06,8.60012399999999978956e-04
3.64000000000000000000e+02,2.06690200000000001875e-04,6.20824499999999988360e-06,9.66592800000000006329e-04
3.65000000000000000000e+02,2.32100000000000003791e-04,6.96500000000000023010e-06,1.08599999999999994281e-03
3.66000000000000000000e+02,2.60728000000000001424e-04,7.81321900000000031617e-06,1.22058600000000006675e-03
3.67000000000000000000e+02,2.93075000000000008681e-04,8.76733600000000004462e-06,1.37272900000000004986e-03
3.68000000000000000000e+02,3.29388000000000011509e-04,9.83984400000000058485e-06,1.54357900000000000142e-03
3.69000000000000000000e+02,3.69913999999999995854e-04,1.10432299999999999760e-05,1.73428600000000003069e-03
3.70000000000000000000e+02,4.14900000000000001871e-04,1.23899999999999999581e-05,1.94600000000000003010e-03
3.71000000000000000000e+02,4.64158700000000018666e-04,1.38864100000000004252e-05,2.17777700000000009814e-03
3.72000000000000000000e+02,5.18986000000000034967e-04,1.55572799999999995574e-05,2.43580900000000015113e-03
3.73000000000000000000e+02,5.81854000000000030034e-04,1.74429599999999994332e-05,2.73195300000000007232e-03
3.74000000000000000000e+02,6.55234700000000003239e-04,1.95837500000000003274e-05,3.07806400000000014716e-03
3.75000000000000000000e+02,7.41600000000000028275e-04,2.20199999999999992365e-05,3.48599999999999994940e-03
3.76000000000000000000e+02,8.45029599999999950222e-04,2.48396499999999985744e-05,3.97522699999999958032e-03
3.77000000000000000000e+02,9.64526800000000002731e-04,2.80412599999999992493e-05,4.54087999999999974293e-03
3.78000000000000000000e+02,1.09494900000000000909e-03,3.15310400000000029606e-05,5.15832000000000009260e-03
3.79000000000000000000e+02,1.23115399999999992897e-03,3.52152100000000019427e-05,5.80290700000000037734e-03
3.80000000000000000000e+02,1.36800000000000007531e-03,3.89999999999999992940e-05,6.45000100000000034517e-03
3.81000000000000000000e+02,1.50204999999999999974e-03,4.28264000000000004701e-05,7.08321599999999981789e-03
3.82000000000000000000e+02,1.64232799999999997363e-03,4.69145999999999997157e-05,7.74548800000000002564e-03
3.83000000000000000000e+02,1.80238199999999994250e-03,5.15895999999999981542e-05,8.50115199999999966718e-03
3.84000000000000000000e+02,1.99575699999999991302e-03,5.71763999999999969091e-05,9.41454400000000038440e-03
3.85000000000000000000e+02,2.23600000000000014022e-03,6.39999999999999971039e-05,1.05499900000000004091e-02
3.86000000000000000000e+02,2.53538499999999980897e-03,7.23442099999999983133e-05,1.19658000000000003943e-02
3.87000000000000000000e+02,2.89260300000000010121e-03,8.22122399999999947011e-05,1.36558700000000005081e-02
3.88000000000000000000e+02,3.30082899999999991592e-03,9.35081599999999975043e-05,1.55880500000000008637e-02
3.89000000000000000000e+02,3.75323600000000007215e-03,1.06136099999999995052e-04,1.77301500000000000767e-02
3.90000000000000000000e+02,4.24300000000000024358e-03,1.20000000000000003040e-04,2.00500100000000000544e-02
3.91000000000000000000e+02,4.76238899999999968499e-03,1.34983999999999993748e-04,2.25113600000000010914e-02
3.92000000000000000000e+02,5.33004800000000042437e-03,1.51492000000000005778e-04,2.52028800000000004211e-02
3.93000000000000000000e+02,5.97871199999999974189e-03,1.70208000000000007510e-04,2.82797200000000012454e-02
3.94000000000000000000e+02,6.74111699999999959554e-03,1.91816000000000007981e-04,3.18970400000000015028e-02
3.95000000000000000000e+02,7.64999999999999968220e-03,2.16999999999999989122e-04,3.62099999999999991318e-02
3.96000000000000000000e+02,8.75137299999999979105e-03,2.46906699999999991978e-04,4.14377100000000025970e-02
3.97000000000000000000e+02,1.00288800000000004331e-02,2.81239999999999983928e-04,4.75037199999999992794e-02
3.98000000000000000000e+02,1.14216999999999999083e-02,3.18519999999999979361e-04,5.41198800000000021515e-02
3.99000000000000000000e+02,1.28690100000000001712e-02,3.57266699999999985671e-04,6.09980300000000016936e-02
4.00000000000000000000e+02,1.43099999999999998035e-02,3.95999999999999976151e-04,6.78500100000000022638e-02
4.01000000000000000000e+02,1.57044299999999983908e-02,4.33714699999999996408e-04,7.44863199999999947565e-02
4.02000000000000000000e+02,1.71474399999999999045e-02,4.73024000000000003057e-04,8.13615599999999994374e-02
4.03000000000000000000e+02,1.87812200000000012468e-02,5.17876000000000013407e-04,8.91536400000000062160e-02
4.04000000000000000000e+02,2.07480100000000007576e-02,5.72218700000000010664e-04,9.85404799999999997384e-02
4.05000000000000000000e+02,2.31899999999999988087e-02,6.40000000000000052354e-04,1.10200000000000006284e-01
4.06000000000000000000e+02,2.62073599999999989896e-02,7.24559999999999961029e-04,1.24613299999999996293e-01
4.07000000000000000000e+02,2.97824800000000000644e-02,8.25499999999999953433e-04,1.41701700000000013757e-01
4.08000000000000000000e+02,3.38809200000000018682e-02,9.41160000000000021743e-04,1.61303499999999988557e-01
4.09000000000000000000e+02,3.84682400000000007667e-02,1.06988000000000004971e-03,1.83256799999999997475e-01
4.10000000000000000000e+02,4.35100000000000000644e-02,1.20999999999999992110e-03,2.07400000000000001021e-01
4.11000000000000000000e+02,4.89956000000000002625e-02,1.36209099999999995283e-03,2.33692100000000013704e-01
4.12000000000000000000e+02,5.50225999999999978995e-02,1.53075200000000002411e-03,2.62611399999999994836e-01
4.13000000000000000000e+02,6.17187999999999972744e-02,1.72036799999999989730e-03,2.94774599999999997735e-01
4.14000000000000000000e+02,6.92119999999999957474e-02,1.93532300000000007795e-03,3.30798499999999995325e-01
4.15000000000000000000e+02,7.76300000000000045564e-02,2.18000000000000008007e-03,3.71300000000000018918e-01
4.16000000000000000000e+02,8.69581100000000051242e-02,2.45480000000000003757e-03,4.16209099999999998509e-01
4.17000000000000000000e+02,9.71767199999999942150e-02,2.76399999999999996386e-03,4.65464199999999994617e-01
4.18000000000000000000e+02,1.08406299999999997108e-01,3.11779999999999999846e-03,5.19694800000000012297e-01
4.19000000000000000000e+02,1.20767200000000005100e-01,3.52639999999999984720e-03,5.79530300000000053728e-01
4.20000000000000000000e+02,1.34379999999999999449e-01,4.00000000000000008327e-03,6.45599999999999951683e-01
4.21000000000000000000e+02,1.49358199999999996521e-01,4.54624000000000000332e-03,7.18483800000000005781e-01
4.22000000000000000000e+02,1.65395700000000006602e-01,5.15932000000000022533e-03,7.96713299999999957635e-01
4.23000000000000000000e+02,1.81983100000000008745e-01,5.82928000000000005182e-03,8.77845899999999956798e-01
4.24000000000000000000e+02,1.98611000000000009758e-01,6.54615999999999965270e-03,9.59439000000000041801e-01
4.25000000000000000000e+02,2.14769999999999988693e-01,7.30000000000000006523e-03,1.03905010000000008752e+00
4.26000000000000000000e+02,2.30186799999999996968e-01,8.08650699999999972301e-03,1.11536729999999995044e+00
4.27000000000000000000e+02,2.44879700000000005700e-01,8.90872000000000018038e-03,1.18849709999999997301e+00
4.28000000000000000000e+02,2.58777299999999987890e-01,9.76768000000000080618e-03,1.25812330000000005548e+00
4.29000000000000000000e+02,2.71807899999999991181e-01,1.06644300000000007839e-02,1.32392960000000003973e+00
4.30000000000000000000e+02,2.83899999999999985700e-01,1.15999999999999992006e-02,1.38559999999999994280e+00
4.31000000000000000000e+02,2.94943799999999978212e-01,1.25731699999999998324e-02,1.44263520000000000643e+00
4.32000000000000000000e+02,3.04896500000000014730e-01,1.35827199999999995161e-02,1.49480349999999995170e+00
4.33000000000000000000e+02,3.13787299999999991229e-01,1.46296800000000008085e-02,1.54219029999999990288e+00
4.34000000000000000000e+02,3.21645400000000025731e-01,1.57150900000000010026e-02,1.58488070000000003112e+00
4.35000000000000000000e+02,3.28500000000000014211e-01,1.68400000000000008016e-02,1.62295999999999995822e+00
4.36000000000000000000e+02,3.34351300000000017931e-01,1.80073600000000000332e-02,1.65640480000000001048e+00
4.37000000000000000000e+02,3.39210100000000014386e-01,1.92144799999999990603e-02,1.68529590000000006889e+00
4.38000000000000000000e+02,3.43121300000000017949e-01,2.04539200000000004342e-02,1.70987449999999996386e+00
4.39000000000000000000e+02,3.46129599999999981730e-01,2.17182399999999997675e-02,1.73038209999999992306e+00
4.40000000000000000000e+02,3.48279999999999978488e-01,2.29999999999999996114e-02,1.74706000000000005734e+00
4.41000000000000000000e+02,3.49599900000000018974e-01,2.42946100000000012042e-02,1.76004460000000007014e+00
4.42000000000000000000e+02,3.50147399999999997533e-01,2.56102399999999993940e-02,1.76962329999999989916e+00
4.43000000000000000000e+02,3.50013000000000018552e-01,2.69585700000000011434e-02,1.77626369999999988991e+00
4.44000000000000000000e+02,3.49287000000000014133e-01,2.83512500000000014500e-02,1.78043339999999994383e+00
4.45000000000000000000e+02,3.48059999999999980513e-01,2.98000000000000000999e-02,1.78259999999999996234e+00
4.46000000000000000000e+02,3.46373299999999995080e-01,3.13108299999999978303e-02,1.78296820000000000306e+00
4.47000000000000000000e+02,3.44262400000000023947e-01,3.28836799999999984667e-02,1.78169979999999994469e+00
4.48000000000000000000e+02,3.41808800000000023722e-01,3.45211200000000023591e-02,1.77919819999999995197e+00
4.49000000000000000000e+02,3.39094100000000009398e-01,3.62257100000000012430e-02,1.77586709999999992071e+00
4.50000000000000000000e+02,3.36199999999999998845e-01,3.79999999999999990563e-02,1.77211000000000007404e+00
4.51000000000000000000e+02,3.33197699999999985554e-01,3.98466700000000006998e-02,1.76825889999999996682e+00
4.52000000000000000000e+02,3.30041099999999976156e-01,4.17679999999999995719e-02,1.76403899999999991266e+00
4.53000000000000000000e+02,3.26635699999999973286e-01,4.37659999999999993481e-02,1.75894379999999994624e+00
4.54000000000000000000e+02,3.22886799999999973831e-01,4.58426700000000020285e-02,1.75246630000000003236e+00
4.55000000000000000000e+02,3.18699999999999983302e-01,4.80000000000000009992e-02,1.74409999999999998366e+00
4.56000000000000000000e+02,3.14025100000000001454e-01,5.02436799999999988975e-02,1.73355949999999991995e+00
4.57000000000000000000e+02,3.08883999999999991903e-01,5.25730400000000014371e-02,1.72085810000000005715e+00
4.58000000000000000000e+02,3.03290400000000015535e-01,5.49805599999999977667e-02,1.70593689999999997831e+00
4.59000000000000000000e+02,2.97257900000000019336e-01,5.74587199999999978517e-02,1.68873720000000004937e+00
4.60000000000000000000e+02,2.90800000000000002931e-01,5.99999999999999977796e-02,1.66920000000000001705e+00
4.61000000000000000000e+02,2.83970100000000003071e-01,6.26019700000000067774e-02,1.64752870000000006812e+00
4.62000000000000000000e+02,2.76721400000000006258e-01,6.52775200000000055400e-02,1.62341270000000004181e+00
4.63000000000000000000e+02,2.68917799999999984628e-01,6.80420800000000047802e-02,1.59602230000000000487e+00
4.64000000000000000000e+02,2.60422700000000006959e-01,7.09110899999999960697e-02,1.56452799999999991876e+00
4.65000000000000000000e+02,2.51099999999999989875e-01,7.38999999999999934719e-02,1.52810000000000001386e+00
4.66000000000000000000e+02,2.40847499999999992149e-01,7.70160000000000011244e-02,1.48611139999999997130e+00
4.67000000000000000000e+02,2.29851200000000005508e-01,8.02664000000000016355e-02,1.43952149999999989838e+00
4.68000000000000000000e+02,2.18407199999999995788e-01,8.36667999999999995042e-02,1.38987989999999994595e+00
4.69000000000000000000e+02,2.06811500000000009214e-01,8.72327999999999992298e-02,1.33873620000000004282e+00
4.70000000000000000000e+02,1.95360000000000005871e-01,9.09800000000000053113e-02,1.28763999999999989576e+00
4.71000000000000000000e+02,1.84213600000000005119e-01,9.49175500000000033074e-02,1.23742229999999997503e+00
4.72000000000000000000e+02,1.73327299999999989710e-01,9.90458399999999961061e-02,1.18782429999999994408e+00
4.73000000000000000000e+02,1.62688100000000002154e-01,1.03367399999999998172e-01,1.13876109999999997058e+00
4.74000000000000000000e+02,1.52283300000000010321e-01,1.07884599999999997166e-01,1.09014799999999989488e+00
4.75000000000000000000e+02,1.42100000000000004086e-01,1.12600000000000005640e-01,1.04190000000000004832e+00
4.76000000000000000000e+02,1.32178600000000007197e-01,1.17531999999999997586e-01,9.94197600000000014653e-01
4.77000000000000000000e+02,1.22569600000000000772e-01,1.22674400000000002886e-01,9.47347300000000003273e-01
4.78000000000000000000e+02,1.13275200000000006439e-01,1.27992799999999989913e-01,9.01453100000000007164e-01
4.79000000000000000000e+02,1.04297899999999998943e-01,1.33452800000000010305e-01,8.56619299999999972428e-01
4.80000000000000000000e+02,9.56400000000000027889e-02,1.39020000000000004681e-01,8.12950100000000008826e-01
4.81000000000000000000e+02,8.72995500000000035357e-02,1.44676400000000010548e-01,7.70517299999999960569e-01
4.82000000000000000000e+02,7.93080399999999963168e-02,1.50469300000000000272e-01,7.29444800000000004303e-01
4.83000000000000000000e+02,7.17177600000000053937e-02,1.56461899999999987099e-01,6.89913600000000015733e-01
4.84000000000000000000e+02,6.45809900000000047804e-02,1.62717699999999992899e-01,6.52104899999999987337e-01
4.85000000000000000000e+02,5.79500100000000031852e-02,1.69300000000000006040e-01,6.16199999999999969980e-01
4.86000000000000000000e+02,5.18621100000000029295e-02,1.76243100000000013639e-01,5.82328599999999974024e-01
4.87000000000000000000e+02,4.62815199999999996039e-02,1.83558100000000001817e-01,5.50416200000000022108e-01
4.88000000000000000000e+02,4.11508800000000007913e-02,1.91273500000000012955e-01,5.20337599999999955713e-01
4.89000000000000000000e+02,3.64128300000000001968e-02,1.99418000000000011918e-01,4.91967299999999996274e-01
4.90000000000000000000e+02,3.20099999999999967892e-02,2.08020000000000010454e-01,4.65179999999999982396e-01
4.91000000000000000000e+02,2.79171999999999996545e-02,2.17119900000000004558e-01,4.39924599999999998978e-01
4.92000000000000000000e+02,2.41443999999999998896e-02,2.26734500000000005482e-01,4.16183599999999986885e-01
4.93000000000000000000e+02,2.06870000000000005269e-02,2.36857099999999987094e-01,3.93882200000000015638e-01
4.94000000000000000000e+02,1.75404000000000011295e-02,2.47481200000000012285e-01,3.72945899999999996854e-01
4.95000000000000000000e+02,1.46999999999999995254e-02,2.58599999999999996536e-01,3.53300000000000002931e-01
4.96000000000000000000e+02,1.21617900000000004473e-02,2.70184900000000005615e-01,3.34857799999999983243e-01
4.97000000000000000000e+02,9.91996000000000023589e-03,2.82293899999999986505e-01,3.17552100000000003810e-01
4.98000000000000000000e+02,7.96724000000000043276e-03,2.95050499999999993328e-01,3.01337499999999980371e-01
4.99000000000000000000e+02,6.29634600000000040770e-03,3.08578000000000018943e-01,2.86168599999999995198e-01
5.00000000000000000000e+02,4.89999999999999984179e-03,3.23000000000000009326e-01,2.72000000000000019540e-01
5.01000000000000000000e+02,3.77717299999999998883e-03,3.38402099999999983471e-01,2.58817100000000022142e-01
5.02000000000000000000e+02,2.94531999999999996934e-03,3.54685799999999995524e-01,2.46483800000000002894e-01
5.03000000000000000000e+02,2.42487999999999991746e-03,3.71698599999999990118e-01,2.34771800000000002706e-01
5.04000000000000000000e+02,2.23629299999999987467e-03,3.89287500000000008527e-01,2.23453299999999993597e-01
5.05000000000000000000e+02,2.39999999999999978975e-03,4.07299999999999995381e-01,2.12299999999999988720e-01
5.06000000000000000000e+02,2.92552000000000003016e-03,4.25629900000000005456e-01,2.01169199999999992468e-01
5.07000000000000000000e+02,3.83656000000000014377e-03,4.44309600000000026743e-01,1.90119599999999999707e-01
5.08000000000000000000e+02,5.17483999999999999542e-03,4.63394399999999984097e-01,1.79225400000000006928e-01
5.09000000000000000000e+02,6.98207999999999988361e-03,4.82939500000000021540e-01,1.68560800000000010623e-01
5.10000000000000000000e+02,9.29999999999999923950e-03,5.03000000000000002665e-01,1.58200000000000007283e-01
5.11000000000000000000e+02,1.21494900000000006363e-02,5.23569300000000015238e-01,1.48138300000000000534e-01
5.12000000000000000000e+02,1.55358800000000001756e-02,5.44511999999999996014e-01,1.38375799999999993251e-01
5.13000000000000000000e+02,1.94775200000000016376e-02,5.65690000000000026148e-01,1.28994200000000003303e-01
5.14000000000000000000e+02,2.39927700000000000691e-02,5.86965300000000023140e-01,1.20075100000000004052e-01
5.15000000000000000000e+02,2.91000000000000008660e-02,6.08199999999999962874e-01,1.11699999999999993738e-01
5.16000000000000000000e+02,3.48148500000000013510e-02,6.29345599999999949503e-01,1.03904800000000005489e-01
5.17000000000000000000e+02,4.11201600000000028201e-02,6.50306799999999962658e-01,9.66674800000000000733e-02
5.18000000000000000000e+02,4.79850399999999996381e-02,6.70875200000000004863e-01,8.99827200000000021474e-02
5.19000000000000000000e+02,5.53786100000000017229e-02,6.90842399999999967619e-01,8.38453100000000062231e-02
5.20000000000000000000e+02,6.32700000000000067901e-02,7.09999999999999964473e-01,7.82499900000000053746e-02
5.21000000000000000000e+02,7.16350099999999989642e-02,7.28185199999999976939e-01,7.32089900000000015634e-02
5.22000000000000000000e+02,8.04622400000000043141e-02,7.45463600000000004009e-01,6.86781600000000019834e-02
5.23000000000000000000e+02,8.97399599999999936228e-02,7.61969400000000018913e-01,6.45678400000000013437e-02
5.24000000000000000000e+02,9.94564500000000017987e-02,7.77836799999999994881e-01,6.07883499999999979413e-02
5.25000000000000000000e+02,1.09600000000000002975e-01,7.93200000000000016165e-01,5.72500099999999970124e-02
5.26000000000000000000e+02,1.20167399999999993665e-01,8.08110400000000006493e-01,5.39043499999999967121e-02
5.27000000000000000000e+02,1.31114499999999994939e-01,8.22496200000000010633e-01,5.07466400000000025794e-02
5.28000000000000000000e+02,1.42367899999999991678e-01,8.36306800000000016837e-01,4.77527599999999982638e-02
5.29000000000000000000e+02,1.53854199999999996518e-01,8.49491600000000013360e-01,4.48985900000000021093e-02
5.30000000000000000000e+02,1.65500000000000008216e-01,8.61999999999999988454e-01,4.21600000000000030287e-02
5.31000000000000000000e+02,1.77257100000000000772e-01,8.73810799999999998633e-01,3.95072799999999987874e-02
5.32000000000000000000e+02,1.89140000000000002567e-01,8.84962400000000037892e-01,3.69356399999999987505e-02
5.33000000000000000000e+02,2.01169399999999998219e-01,8.95493600000000000705e-01,3.44583600000000003782e-02
5.34000000000000000000e+02,2.13365799999999994352e-01,9.05443200000000003591e-01,3.20887200000000011313e-02
5.35000000000000000000e+02,2.25749900000000003342e-01,9.14850099999999999412e-01,2.98399999999999984701e-02
5.36000000000000000000e+02,2.38320900000000002183e-01,9.23734799999999967035e-01,2.77118099999999999150e-02
5.37000000000000000000e+02,2.51066799999999978876e-01,9.32092400000000043114e-01,2.56944399999999989470e-02
5.38000000000000000000e+02,2.63992200000000010185e-01,9.39922600000000052489e-01,2.37871600000000016362e-02
5.39000000000000000000e+02,2.77101700000000006341e-01,9.47225199999999989409e-01,2.19892499999999983806e-02
5.40000000000000000000e+02,2.90399999999999991473e-01,9.53999999999999959144e-01,2.02999999999999986011e-02
5.41000000000000000000e+02,3.03891199999999972459e-01,9.60256099999999945815e-01,1.87180499999999999661e-02
5.42000000000000000000e+02,3.17572599999999982678e-01,9.66007399999999960549e-01,1.72403599999999997128e-02
5.43000000000000000000e+02,3.31438400000000021883e-01,9.71260600000000029475e-01,1.58636399999999982979e-02
5.44000000000000000000e+02,3.45482799999999978802e-01,9.76022500000000015064e-01,1.45846099999999995883e-02
5.45000000000000000000e+02,3.59700000000000019718e-01,9.80299999999999949196e-01,1.34000000000000004524e-02
5.46000000000000000000e+02,3.74083900000000024733e-01,9.84092399999999978277e-01,1.23072300000000005998e-02
5.47000000000000000000e+02,3.88639599999999973967e-01,9.87418200000000023664e-01,1.13018800000000002592e-02
5.48000000000000000000e+02,4.03378400000000025827e-01,9.90312799999999993084e-01,1.03779200000000005472e-02
5.49000000000000000000e+02,4.18311500000000002775e-01,9.92811600000000016308e-01,9.52930599999999954075e-03
5.50000000000000000000e+02,4.33449899999999999078e-01,9.94950099999999948430e-01,8.74999899999999962430e-03
5.51000000000000000000e+02,4.48795300000000008112e-01,9.96710800000000007870e-01,8.03519999999999928741e-03
5.52000000000000000000e+02,4.64336000000000026500e-01,9.98098299999999993837e-01,7.38160000000000031395e-03
5.53000000000000000000e+02,4.80063999999999990731e-01,9.99112000000000000099e-01,6.78539999999999959152e-03
5.54000000000000000000e+02,4.95971300000000003827e-01,9.99748199999999975773e-01,6.24279999999999973825e-03
5.55000000000000000000e+02,5.12050099999999952516e-01,1.00000000000000000000e+00,5.74999900000000042921e-03
5.56000000000000000000e+02,5.28295900000000040464e-01,9.99856700000000042650e-01,5.30360000000000032794e-03
5.57000000000000000000e+02,5.44691600000000053505e-01,9.99304599999999987325e-01,4.89980000000000016219e-03
5.58000000000000000000e+02,5.61209399999999969388e-01,9.98325499999999976808e-01,4.53420000000000038287e-03
5.59000000000000000000e+02,5.77821499999999987907e-01,9.96898700000000026478e-01,4.20240000000000023250e-03
5.60000000000000000000e+02,5.94500000000000028422e-01,9.94999999999999995559e-01,3.89999999999999982098e-03
5.61000000000000000000e+02,6.11220899999999955909e-01,9.92600499999999996703e-01,3.62320000000000003171e-03
5.62000000000000000000e+02,6.27975799999999972911e-01,9.89742600000000027904e-01,3.37060000000000007173e-03
5.63000000000000000000e+02,6.44760200000000005538e-01,9.86444399999999999018e-01,3.14139999999999992158e-03
5.64000000000000000000e+02,6.61569700000000038287e-01,9.82724099999999989308e-01,2.93479999999999999552e-03
5.65000000000000000000e+02,6.78400000000000003020e-01,9.78600000000000025402e-01,2.74999899999999993308e-03
5.66000000000000000000e+02,6.95239199999999946122e-01,9.74083699999999996777e-01,2.58520000000000017143e-03
5.67000000000000000000e+02,7.12058599999999985997e-01,9.69171200000000010455e-01,2.43859999999999996906e-03
5.68000000000000000000e+02,7.28828400000000042880e-01,9.63856799999999958040e-01,2.30940000000000008121e-03
5.69000000000000000000e+02,7.45518800000000037009e-01,9.58134900000000011566e-01,2.19680000000000005475e-03
5.70000000000000000000e+02,7.62099999999999999645e-01,9.51999999999999957367e-01,2.09999999999999987024e-03
5.71000000000000000000e+02,7.78543199999999990801e-01,9.45450400000000024114e-01,2.01773299999999985305e-03
5.72000000000000000000e+02,7.94825600000000020984e-01,9.38499199999999977884e-01,1.94819999999999997516e-03
5.73000000000000000000e+02,8.10926400000000047186e-01,9.31162799999999957201e-01,1.88980000000000007351e-03
5.74000000000000000000e+02,8.26824800000000026401e-01,9.23457599999999989571e-01,1.84093299999999989239e-03
5.75000000000000000000e+02,8.42500000000000026645e-01,9.15399999999999991473e-01,1.79999999999999995073e-03
5.76000000000000000000e+02,8.57932499999999986784e-01,9.07006399999999990413e-01,1.76626699999999996725e-03
5.77000000000000000000e+02,8.73081600000000013218e-01,8.98277199999999997893e-01,1.73780000000000006515e-03
5.78000000000000000000e+02,8.87894399999999972550e-01,8.89204800000000017413e-01,1.71119999999999996068e-03
5.79000000000000000000e+02,9.02318100000000011818e-01,8.79781600000000052475e-01,1.68306699999999989648e-03
5.80000000000000000000e+02,9.16300000000000003375e-01,8.69999999999999995559e-01,1.65000099999999989830e-03
5.81000000000000000000e+02,9.29799500000000000988e-01,8.59861300000000050581e-01,1.61013299999999992020e-03
5.82000000000000000000e+02,9.42798400000000036414e-01,8.49392000000000035875e-01,1.56440000000000007871e-03
5.83000000000000000000e+02,9.55277599999999948999e-01,8.38621999999999978570e-01,1.51359999999999992812e-03
5.84000000000000000000e+02,9.67217899999999963789e-01,8.27581299999999964179e-01,1.45853299999999992155e-03
5.85000000000000000000e+02,9.78600000000000025402e-01,8.16300000000000025580e-01,1.39999999999999998578e-03
5.86000000000000000000e+02,9.89385599999999976184e-01,8.04794699999999973983e-01,1.33666699999999993333e-03
5.87000000000000000000e+02,9.99548800000000015054e-01,7.93081999999999953666e-01,1.27000000000000007848e-03
5.88000000000000000000e+02,1.00908920000000001949e+00,7.81191999999999997506e-01,1.20499999999999990799e-03
5.89000000000000000000e+02,1.01800639999999997798e+00,7.69154699999999968973e-01,1.14666700000000008550e-03
5.90000000000000000000e+02,1.02629999999999999005e+00,7.57000000000000006217e-01,1.10000000000000006627e-03
5.91000000000000000000e+02,1.03398269999999992130e+00,7.44754099999999974457e-01,1.06879999999999995841e-03
5.92000000000000000000e+02,1.04098599999999996690e+00,7.32422400000000028975e-01,1.04940000000000002896e-03
5.93000000000000000000e+02,1.04718800000000000772e+00,7.20003599999999965853e-01,1.03560000000000001878e-03
5.94000000000000000000e+02,1.05246670000000008827e+00,7.07496499999999972630e-01,1.02120000000000010244e-03
5.95000000000000000000e+02,1.05669999999999997264e+00,6.94899999999999962164e-01,1.00000000000000002082e-03
5.96000000000000000000e+02,1.05979439999999991429e+00,6.82219200000000025597e-01,9.68639999999999995808e-04
5.97000000000000000000e+02,1.06179920000000005409e+00,6.69471599999999944508e-01,9.29919999999999987057e-04
5.98000000000000000000e+02,1.06280679999999994045e+00,6.56674399999999991451e-01,8.86880000000000046773e-04
5.99000000000000000000e+02,1.06290960000000000996e+00,6.43844799999999994888e-01,8.42560000000000010323e-04
6.00000000000000000000e+02,1.06220000000000003304e+00,6.31000000000000005329e-01,8.00000000000000038337e-04
6.01000000000000000000e+02,1.06073520000000010022e+00,6.18155499999999968885e-01,7.60959999999999978440e-04
6.02000000000000000000e+02,1.05844359999999992894e+00,6.05314400000000030211e-01,7.23679999999999983007e-04
6.03000000000000000000e+02,1.05522439999999995131e+00,5.92475599999999991141e-01,6.85920000000000019275e-04
6.04000000000000000000e+02,1.05097679999999993328e+00,5.79637900000000039213e-01,6.45439999999999946059e-04
6.05000000000000000000e+02,1.04560000000000008491e+00,5.66799999999999970512e-01,5.99999999999999947438e-04
6.06000000000000000000e+02,1.03903689999999992999e+00,5.53961099999999984078e-01,5.47866699999999956505e-04
6.07000000000000000000e+02,1.03136080000000007750e+00,5.41137199999999984890e-01,4.91600000000000023070e-04
6.08000000000000000000e+02,1.02266619999999996971e+00,5.28352799999999955816e-01,4.35400000000000012273e-04
6.09000000000000000000e+02,1.01304769999999999541e+00,5.15632300000000043383e-01,3.83466700000000026202e-04
6.10000000000000000000e+02,1.00259999999999993570e+00,5.03000000000000002665e-01,3.40000000000000024425e-04
6.11000000000000000000e+02,9.91367499999999957083e-01,4.90468799999999982564e-01,3.07253300000000001326e-04
6.12000000000000000000e+02,9.79331399999999963057e-01,4.78030400000000021965e-01,2.83160000000000019755e-04
6.13000000000000000000e+02,9.66491600000000006254e-01,4.65677600000000024849e-01,2.65439999999999979349e-04
6.14000000000000000000e+02,9.52847899999999969900e-01,4.53403200000000006220e-01,2.51813299999999976476e-04
6.15000000000000000000e+02,9.38400000000000011902e-01,4.41199999999999981082e-01,2.40000000000000006080e-04
6.16000000000000000000e+02,9.23193999999999959094e-01,4.29080000000000016946e-01,2.29546700000000009111e-04
6.17000000000000000000e+02,9.07244000000000050399e-01,4.17036000000000017796e-01,2.20640000000000001705e-04
6.18000000000000000000e+02,8.90502000000000015767e-01,4.05032000000000003137e-01,2.11959999999999996719e-04
6.19000000000000000000e+02,8.72920000000000029239e-01,3.93031999999999992479e-01,2.02186700000000000015e-04
6.20000000000000000000e+02,8.54449899999999984423e-01,3.81000000000000005329e-01,1.90000000000000010460e-04
6.21000000000000000000e+02,8.35084000000000048480e-01,3.68918399999999979677e-01,1.74213299999999987611e-04
6.22000000000000000000e+02,8.14945999999999948216e-01,3.56827200000000011038e-01,1.55639999999999993846e-04
6.23000000000000000000e+02,7.94185999999999947541e-01,3.44776799999999994384e-01,1.35959999999999992535e-04
6.24000000000000000000e+02,7.72954000000000029935e-01,3.32817599999999991223e-01,1.16853299999999994696e-04
6.25000000000000000000e+02,7.51399999999999956835e-01,3.21000000000000007550e-01,1.00000000000000004792e-04
6.26000000000000000000e+02,7.29583599999999998786e-01,3.09338100000000004730e-01,8.61333300000000063159e-05
6.27000000000000000000e+02,7.07588800000000017754e-01,2.97850400000000015144e-01,7.45999999999999972595e-05
6.28000000000000000000e+02,6.85602200000000050473e-01,2.86593600000000003902e-01,6.49999999999999943058e-05
6.29000000000000000000e+02,6.63810400000000022658e-01,2.75624499999999994504e-01,5.69333300000000012845e-05
6.30000000000000000000e+02,6.42399999999999971045e-01,2.65000000000000013323e-01,4.99999900000000016965e-05
6.31000000000000000000e+02,6.21514899999999981262e-01,2.54763200000000022971e-01,4.41599999999999973241e-05
6.32000000000000000000e+02,6.01113800000000031432e-01,2.44889600000000012825e-01,3.94800000000000014745e-05
6.33000000000000000000e+02,5.81105199999999988414e-01,2.35334399999999999142e-01,3.57199999999999968166e-05
6.34000000000000000000e+02,5.61397699999999999498e-01,2.26052799999999998182e-01,3.26399999999999992006e-05
6.35000000000000000000e+02,5.41900000000000048317e-01,2.16999999999999998446e-01,3.00000000000000007600e-05
6.36000000000000000000e+02,5.22599499999999994593e-01,2.08161600000000002186e-01,2.76533300000000004072e-05
6.37000000000000000000e+02,5.03546399999999949593e-01,1.99548799999999998400e-01,2.55599999999999992245e-05
6.38000000000000000000e+02,4.84743599999999996708e-01,1.91155199999999997340e-01,2.36400000000000006667e-05
6.39000000000000000000e+02,4.66193899999999994410e-01,1.82974400000000009259e-01,2.18133299999999987233e-05
6.40000000000000000000e+02,4.47900000000000020339e-01,1.74999999999999988898e-01,2.00000000000000016361e-05
6.41000000000000000000e+02,4.29861300000000001731e-01,1.67223499999999997145e-01,1.81333300000000000756e-05
6.42000000000000000000e+02,4.12098000000000019849e-01,1.59646399999999993868e-01,1.62000000000000007492e-05
6.43000000000000000000e+02,3.94643999999999994799e-01,1.52277600000000012948e-01,1.41999999999999995692e-05
6.44000000000000000000e+02,3.77533300000000016095e-01,1.45125900000000002121e-01,1.21333299999999999236e-05
6.45000000000000000000e+02,3.60800000000000009592e-01,1.38199999999999989519e-01,1.00000000000000008180e-05
6.46000000000000000000e+02,3.44456299999999993044e-01,1.31500299999999986644e-01,7.73333299999999957026e-06
6.47000000000000000000e+02,3.28516799999999997706e-01,1.25024799999999991496e-01,5.39999999999999996740e-06
6.48000000000000000000e+02,3.13019199999999997441e-01,1.18779200000000001447e-01,3.19999999999999985519e-06
6.49000000000000000000e+02,2.98001100000000018753e-01,1.12769099999999997119e-01,1.33333300000000007164e-06
6.50000000000000000000e+02,2.83499999999999974243e-01,1.06999999999999997891e-01,0.00000000000000000000e+00
6.51000000000000000000e+02,2.69544799999999973306e-01,1.01476200000000002510e-01,0.00000000000000000000e+00
6.52000000000000000000e+02,2.56118400000000023820e-01,9.61886400000000058030e-02,0.00000000000000000000e+00
6.53000000000000000000e+02,2.43189600000000005764e-01,9.11229600000000028448e-02,0.00000000000000000000e+00
6.54000000000000000000e+02,2.30727199999999993407e-01,8.62648500000000040266e-02,0.00000000000000000000e+00
6.55000000000000000000e+02,2.18700000000000005507e-01,8.16000000000000058620e-02,0.00000000000000000000e+00
6.56000000000000000000e+02,2.07097100000000006181e-01,7.71206400000000041883e-02,0.00000000000000000000e+00
6.57000000000000000000e+02,1.95923199999999991805e-01,7.28255200000000046945e-02,0.00000000000000000000e+00
6.58000000000000000000e+02,1.85170799999999996510e-01,6.87100800000000067058e-02,0.00000000000000000000e+00
6.59000000000000000000e+02,1.74832299999999996043e-01,6.47697599999999956699e-02,0.00000000000000000000e+00
6.60000000000000000000e+02,1.64899999999999991029e-01,6.09999999999999986677e-02,0.00000000000000000000e+00
6.61000000000000000000e+02,1.55366699999999996473e-01,5.73962100000000030597e-02,0.00000000000000000000e+00
6.62000000000000000000e+02,1.46229999999999998872e-01,5.39550400000000027201e-02,0.00000000000000000000e+00
6.63000000000000000000e+02,1.37490000000000001101e-01,5.06737599999999982492e-02,0.00000000000000000000e+00
6.64000000000000000000e+02,1.29146700000000003161e-01,4.75496499999999988617e-02,0.00000000000000000000e+00
6.65000000000000000000e+02,1.21200000000000002176e-01,4.45800000000000015699e-02,0.00000000000000000000e+00
6.66000000000000000000e+02,1.13639699999999996272e-01,4.17587199999999991729e-02,0.00000000000000000000e+00
6.67000000000000000000e+02,1.06465000000000004077e-01,3.90849600000000019229e-02,0.00000000000000000000e+00
6.68000000000000000000e+02,9.96904400000000051607e-02,3.65638400000000002299e-02,0.00000000000000000000e+00
6.69000000000000000000e+02,9.33306099999999944083e-02,3.42004799999999983817e-02,0.00000000000000000000e+00
6.70000000000000000000e+02,8.74000000000000054623e-02,3.20000000000000006661e-02,0.00000000000000000000e+00
6.71000000000000000000e+02,8.19009599999999948761e-02,2.99626100000000006318e-02,0.00000000000000000000e+00
6.72000000000000000000e+02,7.68042800000000025484e-02,2.80766399999999999304e-02,0.00000000000000000000e+00
6.73000000000000000000e+02,7.20771199999999945263e-02,2.63293599999999995698e-02,0.00000000000000000000e+00
6.74000000000000000000e+02,6.76866400000000062454e-02,2.47080499999999987637e-02,0.00000000000000000000e+00
6.75000000000000000000e+02,6.36000000000000037526e-02,2.31999999999999984013e-02,0.00000000000000000000e+00
6.76000000000000000000e+02,5.98068500000000016770e-02,2.18007700000000005647e-02,0.00000000000000000000e+00
6.77000000000000000000e+02,5.62821599999999977459e-02,2.05011200000000011479e-02,0.00000000000000000000e+00
6.78000000000000000000e+02,5.29710399999999970166e-02,1.92810799999999990528e-02,0.00000000000000000000e+00
6.79000000000000000000e+02,4.98186099999999992827e-02,1.81206899999999983264e-02,0.00000000000000000000e+00
6.80000000000000000000e+02,4.67699999999999990741e-02,1.70000000000000012212e-02,0.00000000000000000000e+00
6.81000000000000000000e+02,4.37840499999999979708e-02,1.59037900000000009815e-02,0.00000000000000000000e+00
6.82000000000000000000e+02,4.08753599999999994719e-02,1.48371800000000001601e-02,0.00000000000000000000e+00
6.83000000000000000000e+02,3.80726399999999978729e-02,1.38106800000000005252e-02,0.00000000000000000000e+00
6.84000000000000000000e+02,3.54046100000000030228e-02,1.28347800000000004939e-02,0.00000000000000000000e+00
6.85000000000000000000e+02,3.28999999999999986899e-02,1.19200000000000000400e-02,0.00000000000000000000e+00
6.86000000000000000000e+02,3.05641900000000014959e-02,1.10683099999999996071e-02,0.00000000000000000000e+00
6.87000000000000000000e+02,2.83805599999999991212e-02,1.02733900000000002994e-02,0.00000000000000000000e+00
6.88000000000000000000e+02,2.63448400000000013121e-02,9.53331099999999917460e-03,0.00000000000000000000e+00
6.89000000000000000000e+02,2.44527499999999987923e-02,8.84615700000000032555e-03,0.00000000000000000000e+00
6.90000000000000000000e+02,2.27000000000000014266e-02,8.21000000000000028366e-03,0.00000000000000000000e+00
6.91000000000000000000e+02,2.10842899999999985883e-02,7.62378099999999961356e-03,0.00000000000000000000e+00
6.92000000000000000000e+02,1.95998800000000000798e-02,7.08542399999999988891e-03,0.00000000000000000000e+00
6.93000000000000000000e+02,1.82373200000000013077e-02,6.59147599999999975889e-03,0.00000000000000000000e+00
6.94000000000000000000e+02,1.69871699999999993536e-02,6.13848499999999994842e-03,0.00000000000000000000e+00
6.95000000000000000000e+02,1.58399999999999999134e-02,5.72299999999999978867e-03,0.00000000000000000000e+00
6.96000000000000000000e+02,1.47906400000000007311e-02,5.34305899999999982936e-03,0.00000000000000000000e+00
6.97000000000000000000e+02,1.38313199999999993789e-02,4.99579600000000026427e-03,0.00000000000000000000e+00
6.98000000000000000000e+02,1.29486800000000006061e-02,4.67640400000000032443e-03,0.00000000000000000000e+00
6.99000000000000000000e+02,1.21291999999999997040e-02,4.38007499999999976720e-03,0.00000000000000000000e+00
7.00000000000000000000e+02,1.13591600000000000903e-02,4.10199999999999974365e-03,0.00000000000000000000e+00
7.01000000000000000000e+02,1.06293499999999992156e-02,3.83845299999999991711e-03,0.00000000000000000000e+00
7.02000000000000000000e+02,9.93884599999999944486e-03,3.58909900000000010867e-03,0.00000000000000000000e+00
7.03000000000000000000e+02,9.28842199999999930393e-03,3.35421899999999986383e-03,0.00000000000000000000e+00
7.04000000000000000000e+02,8.67885399999999973542e-03,3.13409300000000012182e-03,0.00000000000000000000e+00
7.05000000000000000000e+02,8.11091599999999926518e-03,2.92900000000000017980e-03,0.00000000000000000000e+00
7.06000000000000000000e+02,7.58238799999999980167e-03,2.73813900000000011101e-03,0.00000000000000000000e+00
7.07000000000000000000e+02,7.08874599999999993605e-03,2.55987599999999999173e-03,0.00000000000000000000e+00
7.08000000000000000000e+02,6.62731300000000012745e-03,2.39324400000000010041e-03,0.00000000000000000000e+00
7.09000000000000000000e+02,6.19540800000000033837e-03,2.23727499999999994082e-03,0.00000000000000000000e+00
7.10000000000000000000e+02,5.79034600000000003461e-03,2.09099999999999997674e-03,0.00000000000000000000e+00
7.11000000000000000000e+02,5.40982600000000039137e-03,1.95358700000000011857e-03,0.00000000000000000000e+00
7.12000000000000000000e+02,5.05258300000000024760e-03,1.82457999999999990852e-03,0.00000000000000000000e+00
7.13000000000000000000e+02,4.71751200000000009416e-03,1.70357999999999989472e-03,0.00000000000000000000e+00
7.14000000000000000000e+02,4.40350700000000008089e-03,1.59018700000000006746e-03,0.00000000000000000000e+00
7.15000000000000000000e+02,4.10945700000000038732e-03,1.48400000000000007599e-03,0.00000000000000000000e+00
7.16000000000000000000e+02,3.83391299999999999107e-03,1.38449600000000003393e-03,0.00000000000000000000e+00
7.17000000000000000000e+02,3.57574800000000012079e-03,1.29126799999999992974e-03,0.00000000000000000000e+00
7.18000000000000000000e+02,3.33434200000000012173e-03,1.20409199999999992278e-03,0.00000000000000000000e+00
7.19000000000000000000e+02,3.10907500000000020651e-03,1.12274399999999995557e-03,0.00000000000000000000e+00
7.20000000000000000000e+02,2.89932700000000015406e-03,1.04699999999999997062e-03,0.00000000000000000000e+00
7.21000000000000000000e+02,2.70434800000000008166e-03,9.76589599999999917121e-04,0.00000000000000000000e+00
7.22000000000000000000e+02,2.52301999999999995022e-03,9.11108800000000047629e-04,0.00000000000000000000e+00
7.23000000000000000000e+02,2.35416799999999979895e-03,8.50133199999999946556e-04,0.00000000000000000000e+00
7.24000000000000000000e+02,2.19661600000000019339e-03,7.93238399999999957250e-04,0.00000000000000000000e+00
7.25000000000000000000e+02,2.04919000000000021272e-03,7.39999999999999989383e-04,0.00000000000000000000e+00
7.26000000000000000000e+02,1.91095999999999995901e-03,6.90082699999999978589e-04,0.00000000000000000000e+00
7.27000000000000000000e+02,1.78143799999999998852e-03,6.43310000000000018969e-04,0.00000000000000000000e+00
7.28000000000000000000e+02,1.66011000000000001446e-03,5.99496000000000034934e-04,0.00000000000000000000e+00
7.29000000000000000000e+02,1.54645900000000002805e-03,5.58454700000000025216e-04,0.00000000000000000000e+00
7.30000000000000000000e+02,1.43997099999999995934e-03,5.19999999999999954446e-04,0.00000000000000000000e+00
7.31000000000000000000e+02,1.34004200000000005602e-03,4.83913599999999974148e-04,0.00000000000000000000e+00
7.32000000000000000000e+02,1.24627500000000003035e-03,4.50052799999999995038e-04,0.00000000000000000000e+00
7.33000000000000000000e+02,1.15847099999999989320e-03,4.18345199999999993890e-04,0.00000000000000000000e+00
7.34000000000000000000e+02,1.07642999999999996498e-03,3.88718400000000001687e-04,0.00000000000000000000e+00
7.35000000000000000000e+02,9.99949300000000079053e-04,3.61099999999999995200e-04,0.00000000000000000000e+00
7.36000000000000000000e+02,9.28735800000000033191e-04,3.35383499999999978077e-04,0.00000000000000000000e+00
7.37000000000000000000e+02,8.62433199999999974480e-04,3.11440399999999987038e-04,0.00000000000000000000e+00
7.38000000000000000000e+02,8.00750300000000023344e-04,2.89165600000000015245e-04,0.00000000000000000000e+00
7.39000000000000000000e+02,7.43396000000000009046e-04,2.68453900000000021762e-04,0.00000000000000000000e+00
7.40000000000000000000e+02,6.90078599999999989928e-04,2.49199999999999985759e-04,0.00000000000000000000e+00
7.41000000000000000000e+02,6.40515600000000017399e-04,2.31301900000000008840e-04,0.00000000000000000000e+00
7.42000000000000000000e+02,5.94502100000000041971e-04,2.14685600000000010061e-04,0.00000000000000000000e+00
7.43000000000000000000e+02,5.51864599999999988142e-04,1.99288399999999994239e-04,0.00000000000000000000e+00
7.44000000000000000000e+02,5.12429000000000009485e-04,1.85047500000000013408e-04,0.00000000000000000000e+00
7.45000000000000000000e+02,4.76021300000000022624e-04,1.71900000000000004186e-04,0.00000000000000000000e+00
7.46000000000000000000e+02,4.42453599999999974690e-04,1.59778099999999994088e-04,0.00000000000000000000e+00
7.47000000000000000000e+02,4.11511700000000005869e-04,1.48604399999999989583e-04,0.00000000000000000000e+00
7.48000000000000000000e+02,3.82981399999999985295e-04,1.38301600000000004132e-04,0.00000000000000000000e+00
7.49000000000000000000e+02,3.56649099999999986705e-04,1.28792500000000003984e-04,0.00000000000000000000e+00
7.50000000000000000000e+02,3.32301099999999995527e-04,1.20000000000000003040e-04,0.00000000000000000000e+00
7.51000000000000000000e+02,3.09758600000000026281e-04,1.11859499999999995176e-04,0.00000000000000000000e+00
7.52000000000000000000e+02,2.88887100000000021215e-04,1.04322399999999995798e-04,0.00000000000000000000e+00
7.53000000000000000000e+02,2.69539399999999982824e-04,9.73356000000000036714e-05,0.00000000000000000000e+00
7.54000000000000000000e+02,2.51568199999999987920e-04,9.08458699999999949115e-05,0.00000000000000000000e+00
7.55000000000000000000e+02,2.34826099999999997900e-04,8.48000000000000012448e-05,0.00000000000000000000e+00
7.56000000000000000000e+02,2.19170999999999992561e-04,7.91466699999999968775e-05,0.00000000000000000000e+00
7.57000000000000000000e+02,2.04525799999999999355e-04,7.38579999999999965710e-05,0.00000000000000000000e+00
7.58000000000000000000e+02,1.90840499999999989962e-04,6.89160000000000022135e-05,0.00000000000000000000e+00
7.59000000000000000000e+02,1.78065400000000011258e-04,6.43026700000000014414e-05,0.00000000000000000000e+00
7.60000000000000000000e+02,1.66150500000000007818e-04,6.00000000000000015201e-05,0.00000000000000000000e+00
7.61000000000000000000e+02,1.55023599999999997512e-04,5.59818699999999980308e-05,0.00000000000000000000e+00
7.62000000000000000000e+02,1.44621900000000005266e-04,5.22255999999999968083e-05,0.00000000000000000000e+00
7.63000000000000000000e+02,1.34909800000000007231e-04,4.87183999999999975904e-05,0.00000000000000000000e+00
7.64000000000000000000e+02,1.25852000000000000543e-04,4.54474699999999994155e-05,0.00000000000000000000e+00
7.65000000000000000000e+02,1.17412999999999995452e-04,4.24000000000000006224e-05,0.00000000000000000000e+00
7.66000000000000000000e+02,1.09551500000000003043e-04,3.95610399999999989232e-05,0.00000000000000000000e+00
7.67000000000000000000e+02,1.02224499999999996792e-04,3.69151200000000030872e-05,0.00000000000000000000e+00
7.68000000000000000000e+02,9.53944500000000061716e-05,3.44486799999999996442e-05,0.00000000000000000000e+00
7.69000000000000000000e+02,8.90238999999999998857e-05,3.21481600000000022292e-05,0.00000000000000000000e+00
7.70000000000000000000e+02,8.30752700000000053084e-05,3.00000000000000007600e-05,0.00000000000000000000e+00
7.71000000000000000000e+02,7.75126899999999932536e-05,2.79912500000000007225e-05,0.00000000000000000000e+00
7.72000000000000000000e+02,7.23130399999999997620e-05,2.61135600000000007482e-05,0.00000000000000000000e+00
7.73000000000000000000e+02,6.74577800000000017992e-05,2.43602400000000003980e-05,0.00000000000000000000e+00
7.74000000000000000000e+02,6.29284399999999947799e-05,2.27246099999999999323e-05,0.00000000000000000000e+00
7.75000000000000000000e+02,5.87065199999999991253e-05,2.12000000000000003112e-05,0.00000000000000000000e+00
7.76000000000000000000e+02,5.47702799999999983367e-05,1.97785500000000005630e-05,0.00000000000000000000e+00
7.77000000000000000000e+02,5.10991799999999988754e-05,1.84528500000000007027e-05,0.00000000000000000000e+00
7.78000000000000000000e+02,4.76765399999999994036e-05,1.72168699999999990280e-05,0.00000000000000000000e+00
7.79000000000000000000e+02,4.44856699999999978838e-05,1.60645900000000013122e-05,0.00000000000000000000e+00
7.80000000000000000000e+02,4.15099400000000032522e-05,1.49900000000000004758e-05,0.00000000000000000000e+00
7.81000000000000000000e+02,3.87332399999999998355e-05,1.39872799999999993426e-05,0.00000000000000000000e+00
7.82000000000000000000e+02,3.61420300000000026676e-05,1.30515500000000004259e-05,0.00000000000000000000e+00
7.83000000000000000000e+02,3.37235199999999979339e-05,1.21781800000000000109e-05,0.00000000000000000000e+00
7.84000000000000000000e+02,3.14648700000000022033e-05,1.13625399999999994650e-05,0.00000000000000000000e+00
7.85000000000000000000e+02,2.93532599999999995626e-05,1.06000000000000001556e-05,0.00000000000000000000e+00
7.86000000000000000000e+02,2.73757300000000015742e-05,9.88587700000000008126e-06,0.00000000000000000000e+00
7.87000000000000000000e+02,2.55243300000000009704e-05,9.21730399999999993504e-06,0.00000000000000000000e+00
7.88000000000000000000e+02,2.37937599999999996824e-05,8.59236200000000032025e-06,0.00000000000000000000e+00
7.89000000000000000000e+02,2.21787000000000016303e-05,8.00913299999999953851e-06,0.00000000000000000000e+00
7.90000000000000000000e+02,2.06738300000000005700e-05,7.46570000000000036594e-06,0.00000000000000000000e+00
7.91000000000000000000e+02,1.92722599999999990119e-05,6.95956699999999997227e-06,0.00000000000000000000e+00
7.92000000000000000000e+02,1.79664000000000013198e-05,6.48799500000000004273e-06,0.00000000000000000000e+00
7.93000000000000000000e+02,1.67499100000000010458e-05,6.04869899999999997153e-06,0.00000000000000000000e+00
7.94000000000000000000e+02,1.56164800000000006169e-05,5.63939599999999963164e-06,0.00000000000000000000e+00
7.95000000000000000000e+02,1.45597700000000003615e-05,5.25779999999999987198e-06,0.00000000000000000000e+00
7.96000000000000000000e+02,1.35738700000000001955e-05,4.90177100000000006590e-06,0.00000000000000000000e+00
7.97000000000000000000e+02,1.26543599999999992363e-05,4.56972000000000018509e-06,0.00000000000000000000e+00
7.98000000000000000000e+02,1.17972299999999998720e-05,4.26019399999999972016e-06,0.00000000000000000000e+00
7.99000000000000000000e+02,1.09984400000000006979e-05,3.97173899999999961642e-06,0.00000000000000000000e+00
8.00000000000000000000e+02,1.02539800000000007140e-05,3.70290000000000015632e-06,0.00000000000000000000e+00
8.01000000000000000000e+02,9.55964599999999991773e-06,3.45216300000000020544e-06,0.00000000000000000000e+00
8.02000000000000000000e+02,8.91204400000000076046e-06,3.21830199999999980295e-06,0.00000000000000000000e+00
8.03000000000000000000e+02,8.30835800000000004905e-06,3.00029999999999988678e-06,0.00000000000000000000e+00
8.04000000000000000000e+02,7.74576899999999980153e-06,2.79713899999999988493e-06,0.00000000000000000000e+00
8.05000000000000000000e+02,7.22145599999999986314e-06,2.60779999999999983308e-06,0.00000000000000000000e+00
8.06000000000000000000e+02,6.73247500000000028374e-06,2.43121999999999982288e-06,0.00000000000000000000e+00
8.07000000000000000000e+02,6.27642300000000016494e-06,2.26653100000000003476e-06,0.00000000000000000000e+00
8.08000000000000000000e+02,5.85130400000000031394e-06,2.11301300000000007582e-06,0.00000000000000000000e+00
8.09000000000000000000e+02,5.45511799999999973343e-06,1.96994300000000010562e-06,0.00000000000000000000e+00
8.10000000000000000000e+02,5.08586799999999983828e-06,1.83659999999999991541e-06,0.00000000000000000000e+00
8.11000000000000000000e+02,4.74146599999999974318e-06,1.71223000000000007957e-06,0.00000000000000000000e+00
8.12000000000000000000e+02,4.42023599999999977113e-06,1.59622799999999999149e-06,0.00000000000000000000e+00
8.13000000000000000000e+02,4.12078299999999974322e-06,1.48808999999999992672e-06,0.00000000000000000000e+00
8.14000000000000000000e+02,3.84171599999999959093e-06,1.38731400000000000424e-06,0.00000000000000000000e+00
8.15000000000000000000e+02,3.58165199999999989011e-06,1.29339999999999997472e-06,0.00000000000000000000e+00
8.16000000000000000000e+02,3.33912700000000003950e-06,1.20582000000000008649e-06,0.00000000000000000000e+00
8.17000000000000000000e+02,3.11294900000000016976e-06,1.12414300000000008905e-06,0.00000000000000000000e+00
8.18000000000000000000e+02,2.90212100000000007682e-06,1.04800899999999999772e-06,0.00000000000000000000e+00
8.19000000000000000000e+02,2.70564500000000016428e-06,9.77058000000000039556e-07,0.00000000000000000000e+00
8.20000000000000000000e+02,2.52252500000000004390e-06,9.10930000000000018103e-07,0.00000000000000000000e+00
8.21000000000000000000e+02,2.35172600000000015674e-06,8.49250999999999985732e-07,0.00000000000000000000e+00
8.22000000000000000000e+02,2.19241500000000016704e-06,7.91721000000000025785e-07,0.00000000000000000000e+00
8.23000000000000000000e+02,2.04390200000000008649e-06,7.38090000000000013600e-07,0.00000000000000000000e+00
8.24000000000000000000e+02,1.90549699999999992678e-06,6.88109999999999985601e-07,0.00000000000000000000e+00
8.25000000000000000000e+02,1.77650900000000009552e-06,6.41530000000000001283e-07,0.00000000000000000000e+00
8.26000000000000000000e+02,1.65621499999999990522e-06,5.98089999999999977583e-07,0.00000000000000000000e+00
8.27000000000000000000e+02,1.54402199999999992755e-06,5.57575000000000014817e-07,0.00000000000000000000e+00
8.28000000000000000000e+02,1.43943999999999997747e-06,5.19807999999999991690e-07,0.00000000000000000000e+00
8.29000000000000000000e+02,1.34197700000000002648e-06,4.84611999999999998666e-07,0.00000000000000000000e+00
8.30000000000000000000e+02,1.25114100000000004610e-06,4.51810000000000020329e-07,0.00000000000000000000e+00
