0, 0, 0, 0, 0, 0, 0, 0, 0, 0,
0, 0, 0, 0, 0, 0, 0, 0, 0, 0,
0.000115, 0.00039622872035603002, 0.00067745744071205996, 0.00095868616106809001, 0.0012399148814241201, 0.00152114360178015, 0.0013317758797912374, 0.0011424081578023247, 0.00095304043581341221, 0.00076367271382449958,
0.00057430499183558695, 0.00045944399346846957, 0.00034458299510135219, 0.00022972199673423476, 0.00011486099836711738, 0, 0, 0, 0, 0,
0, 0.00023944477244910601, 0.00047888954489821203, 0.00071833431734731807, 0.00095777908979642406, 0.00119722386224553, 0.001224922086692778, 0.0012526203111400259, 0.0012803185355872741, 0.001308016760034522,
0.00133571498448177, 0.0037074353796910362, 0.0060791557749003029, 0.0084508761701095683, 0.010822596565318835, 0.013194316960528101, 0.02354965847092156, 0.03390499998131502, 0.044260341491708474, 0.054615683002101935,
0.064971024512495396, 0.074997437047654117, 0.085023849582812838, 0.09505026211797156, 0.10507667465313028, 0.115103087188289, 0.1194956348448056, 0.12388818250132221, 0.12828073015783881, 0.13267327781435539,
0.13706582547087201, 0.14013836554475881, 0.14321090561864561, 0.1462834456925324, 0.1493559857664192, 0.152428525840306, 0.1556708315737354, 0.1589131373071648, 0.1621554430405942, 0.16539774877402361,
0.16864005450745301, 0.1715719128160616, 0.17450377112467019, 0.17743562943327881, 0.18036748774188741, 0.183299346050496, 0.18584600375285601, 0.18839266145521599, 0.190939319157576, 0.19348597685993599,
0.196032634562296, 0.20029341420655941, 0.2045541938508228, 0.20881497349508621, 0.21307575313934959, 0.21733653278361301, 0.2247179409888804, 0.23209934919414779, 0.23948075739941521, 0.2468621656046826,
0.25424357380995, 0.26512448290925977, 0.27600539200856961, 0.28688630110787938, 0.29776721020718921, 0.30864811930649899, 0.32161223781370318, 0.33457635632090738, 0.34754047482811157, 0.36050459333531581,
0.37346871184252001, 0.38460658175380341, 0.39574445166508682, 0.40688232157637017, 0.41802019148765357, 0.42915806139893697, 0.43525731398342438, 0.44135656656791178, 0.44745581915239918, 0.45355507173688658,
0.45965432432137399, 0.46193633034988779, 0.4642183363784016, 0.4665003424069154, 0.46878234843542921, 0.47106435446394301, 0.47462271646020399, 0.47818107845646501, 0.48173944045272599, 0.48529780244898701,
0.48885616444524799, 0.49851528776437359, 0.50817441108349914, 0.51783353440262481, 0.52749265772175047, 0.53715178104087602, 0.55301966222446863, 0.56888754340806125, 0.58475542459165375, 0.60062330577524636,
0.61649118695883898, 0.63459422708700897, 0.65269726721517896, 0.67080030734334906, 0.68890334747151905, 0.70700638759968903, 0.72579795928248381, 0.74458953096527858, 0.76338110264807346, 0.78217267433086823,
0.80096424601366301, 0.81704591018346495, 0.83312757435326701, 0.84920923852306895, 0.86529090269287101, 0.88137256686267296, 0.89287363772981532, 0.90437470859695779, 0.91587577946410015, 0.92737685033124262,
0.93887792119838498, 0.94799545611175517, 0.95711299102512537, 0.96623052593849557, 0.97534806085186576, 0.98446559576523596, 0.98757247661218872, 0.9906793574591416, 0.99378623830609436, 0.99689311915304724,
1, 0.99816805311425938, 0.99633610622851876, 0.99450415934277825, 0.99267221245703763, 0.99084026557129701, 0.98498146538288178, 0.97912266519446656, 0.97326386500605144, 0.96740506481763622,
0.96154626462922099, 0.95486578839713143, 0.94818531216504176, 0.9415048359329522, 0.93482435970086253, 0.92814388346877297, 0.92033556995917143, 0.91252725644956978, 0.90471894293996824, 0.89691062943036659,
0.88910231592076505, 0.87827029858493444, 0.86743828124910383, 0.85660626391327321, 0.8457742465774426, 0.83494222924161199, 0.82321739839366459, 0.81149256754571719, 0.79976773669776979, 0.78804290584982239,
0.776318075001875, 0.76251730906561299, 0.74871654312935099, 0.73491577719308898, 0.72111501125682698, 0.70731424532056497, 0.69301063675479402, 0.67870702818902295, 0.664403419623252, 0.65009981105748094,
0.63579620249170998, 0.62174001889412878, 0.60768383529654757, 0.59362765169896636, 0.57957146810138516, 0.56551528450380395, 0.55096326211008817, 0.53641123971637239, 0.52185921732265661, 0.50730719492894083,
0.49275517253522499, 0.47915544634633161, 0.46555572015743818, 0.4519559939685448, 0.43835626777965137, 0.42475654159075799, 0.410163095724763, 0.39556964985876802, 0.38097620399277299, 0.36638275812677801,
0.35178931226078303, 0.33706714956771, 0.32234498687463703, 0.307622824181564, 0.29290066148849103, 0.27817849879541801, 0.26487750553625822, 0.25157651227709843, 0.23827551901793861, 0.2249745257587788,
0.21167353249961901, 0.20068211509856121, 0.18969069769750341, 0.17869928029644561, 0.1677078628953878, 0.15671644549433, 0.14898108054156439, 0.14124571558879881, 0.1335103506360332, 0.12577498568326761,
0.118039620730502, 0.11220219565286449, 0.10636477057522696, 0.10052734549758945, 0.094689920419951917, 0.088852495342314403, 0.085102365083558867, 0.081352234824803318, 0.077602104566047783, 0.073851974307292234,
0.070101844048536699, 0.067463274180615804, 0.064824704312694895, 0.062186134444773999, 0.059547564576853104, 0.056908994708932202, 0.05498695397093744, 0.053064913232942677, 0.051142872494947922, 0.049220831756953159,
0.047298791018958397, 0.04607821082027988, 0.044857630621601356, 0.043637050422922839, 0.042416470224244315, 0.041195890025565798, 0.040007126190435081, 0.038818362355304357, 0.03762959852017364, 0.036440834685042917,
0.0352520708499122, 0.034340282968994662, 0.033428495088077118, 0.03251670720715958, 0.031604919326242042, 0.030693131445324501, 0.029915297747627502, 0.029137464049930503, 0.028359630352233503, 0.0275817966545365,
0.026803962956839501, 0.026148030605214641, 0.025492098253589782, 0.02483616590196492, 0.024180233550340061, 0.023524301198715201, 0.022888707463921482, 0.02225311372912776, 0.02161751999433404, 0.020981926259540318,
0.020346332524746599, 0.019368762670479038, 0.018391192816211478, 0.017413622961943917, 0.01643605310767636, 0.015458483253408799, 0.014254936811961357, 0.013051390370513916, 0.011847843929066473, 0.010644297487619032,
0.0094407510461715898, 0.0085688052450642836, 0.0076968594439569774, 0.0068249136428496721, 0.0059529678417423659, 0.0050810220406350597, 0.0046468559663115517, 0.0042126898919880437, 0.0037785238176645361, 0.0033443577433410281,
0.0029101916690175201, 0.0026534684508007799, 0.0023967452325840402, 0.0021400220143673, 0.00188329879615056, 0.0016265755779338201, 0.0014857636006263117, 0.0013449516233188033, 0.0012041396460112947, 0.0010633276687037863,
0.00092251569139627796, 0.00083749925305507615, 0.00075248281471387434, 0.00066746637637267263, 0.00058244993803147082, 0.00049743349969026901, 0.0004803786802785466, 0.00046332386086682419, 0.00044626904145510184, 0.00042921422204337942,
0.00041215940263165701, 0.00039311279031465821, 0.00037406617799765941, 0.00035501956568066061, 0.00033597295336366181, 0.000316926341046663, 0.00030478406675783261, 0.00029264179246900221, 0.00028049951818017181, 0.00026835724389134141,
0.00025621496960251102, 0.00020497197568200882, 0.00015372898176150662, 0.0001024859878410044, 5.1242993920502198e-05, 0, 4.8707037730682402e-05, 9.7414075461364804e-05, 0.00014612111319204721, 0.00019482815092272961,
0.000243535188653412, 0.00020686815092272961, 0.00017020111319204719, 0.00013353407546136479, 9.6867037730682395e-05, 6.02e-05, 4.816e-05, 3.612e-05, 2.408e-05, 1.204e-05,
0, 0, 0, 0, 0, 0, 0, 0, 0, 0,
0, 3.4199999999999999e-06, 6.8399999999999997e-06, 1.026e-05, 1.3679999999999999e-05, 1.7099999999999999e-05, 2.4099999999999996e-05, 3.1099999999999997e-05, 3.8099999999999991e-05, 4.5099999999999998e-05,
5.2099999999999999e-05, 5.9379999999999997e-05, 6.6660000000000002e-05, 7.394e-05, 8.1219999999999998e-05, 8.8499999999999996e-05, 7.08e-05, 5.3099999999999996e-05, 3.5399999999999993e-05, 1.7699999999999997e-05,
0, 0, 0, 0, 0, 0, 2.76e-05, 5.52e-05, 8.2800000000000007e-05, 0.0001104,
0.00013799999999999999, 0.0001461300345411882, 0.00015426006908237641, 0.00016239010362356459, 0.00017052013816475279, 0.000178650172705941, 0.00015142013816475279, 0.00012419010362356461, 9.6960069082376396e-05, 6.9730034541188199e-05,
4.2500000000000003e-05, 0, 0, 0, 0, 0, 0, 0, 0, 0,
0, 0, 0, 0, 0, 0, 0, 0, 0, 0,
0, 0, 0, 0, 0, 0, 0, 0, 0, 0,
0, 0, 0, 0, 0, 0, 0, 0, 0, 0,
0, 0, 0, 0, 0, 0, 0, 0, 0, 0,
0